銘柄コード,企業名,業種,時価総額(億円),値下がり率,現在株価,反転確率,指値,逆指値,値下がり要因
8798,アドバンスクリエイト,保険業,39.0,-15.32%,105.0,86.9%(23:31時点),116.0,102.0,監理・特別注意銘柄への指定による、上場廃止リスクや信用低下が嫌気された可能性があります。（43文字）
4933,Ｉ－ｎｅ,化学,378.0,-4.11%,2124.0,58.7%(23:31時点),2336.0,2060.0,(要約生成に失敗しました)
7383,ネットプロテクションズホールディングス,その他金融業,373.0,-3.85%,375.0,34.8%(23:31時点),413.0,364.0,直接の関連は不明ですが、決算内容や財務特約付き借入の期限延長が懸念された可能性があります。（45文字）
7421,カッパ・クリエイト,小売業,741.0,-3.28%,1502.0,30.1%(23:31時点),1652.0,1457.0,直接的な関連は読み取れませんが、第１四半期決算の内容が影響した可能性が考えられます。（42文字）
6997,日本ケミコン,電気機器,666.0,-3.11%,2433.0,54.9%(23:31時点),2676.0,2360.0,種類株の普通株転換に伴う株式希薄化の懸念や、子会社判決による影響などが考えられます。（42文字）
9900,サガミホールディングス,小売業,624.0,-3.09%,1036.0,30.8%(23:31時点),1140.0,1005.0,直接の関連は読み取れませんが、決算や優待変更が影響した可能性が考えられます。
8173,Ｊｏｓｈｉｎ,小売業,1115.0,-3.04%,4310.0,31.2%(23:31時点),4741.0,4181.0,直接の関連は不明ですが、業績予想の下方修正などが影響した可能性が考えられます。（39文字）
9682,ＤＴＳ,情報・通信業,1753.0,-3.01%,1128.0,30.0%(23:31時点),1241.0,1094.0,直接の関連は不明ですが、自社株買い終了や決算発表等が影響した可能性が考えられます。（42文字）
3050,ＤＣＭホールディングス,小売業,2100.0,-2.97%,1537.0,22.3%(23:31時点),1691.0,1491.0,開示タイトルから直接の関連は不明ですが、自己株取得の終了が影響した可能性も考えられます。（43文字）
6981,村田製作所,電気機器,142313.0,-2.94%,7851.0,43.2%(23:31時点),8636.0,7615.0,開示のタイトルからは不明ですが、業績予想の修正が影響した可能性が考えられます。
7384,プロクレアホールディングス,銀行業,1557.0,-2.83%,5500.0,34.9%(23:31時点),6050.0,5335.0,有価証券の含み損発生や、株主還元方針の見直しなどが影響した可能性が考えられます。（40文字）
4082,第一稀元素化学工業,化学,540.0,-2.83%,2235.0,46.8%(23:31時点),2458.0,2168.0,直接の関連は不明ですが、決算短信の内容や自己株式の処分が影響した可能性も考えられます。
212A,フィットイージー,サービス業,474.0,-2.74%,2842.0,31.2%(23:31時点),3126.0,2757.0,新株式発行や売出しに伴う株式価値の希薄化や需給悪化が懸念された可能性などが考えられます。（44文字）
409A,オリオンビール,食料品,462.0,-2.66%,1097.0,21.9%(23:31時点),1207.0,1064.0,直接的な関連は不明ですが、決算内容や自社株買いの終了などが影響した可能性があります。（44文字）
8818,京阪神ビルディング,不動産業,986.0,-2.55%,1033.0,30.0%(23:31時点),1136.0,1002.0,直接的な要因は不明ですが、決算や業績修正が嫌気された可能性などが考えられます。（39文字）
9405,朝日放送グループホールディングス,情報・通信業,337.0,-2.28%,813.0,30.2%(23:31時点),894.0,789.0,直接の関連は不明ですが、第１四半期決算の内容が嫌気された可能性等が考えられます。
8037,カメイ,卸売業,1447.0,-2.28%,4725.0,33.5%(23:31時点),5198.0,4583.0,(要約生成に失敗しました)
3923,ラクス,情報・通信業,3548.0,-2.24%,1002.0,34.2%(23:31時点),1102.0,972.0,開示からは直接の関連は不明ですが、株式取得に伴う借入による財務悪化懸念などが考えられます。（43文字）
6058,ベクトル,サービス業,906.0,-2.23%,1931.0,38.4%(23:31時点),2124.0,1873.0,(要約生成に失敗しました)
4072,電算システムホールディングス,情報・通信業,338.0,-2.17%,3150.0,29.8%(23:31時点),3465.0,3056.0,(要約生成に失敗しました)
